metric,value
Sensibilidad,0.9
Exactitud,0.9
Especificidad,0.9500000000000001
Recall,0.9
Precisión,0.923076923076923
Tasa de Falsos Negativos,0.09999999999999999
Tasa de Falsos Positivos,0.049999999999999996
F1-score,0.8976982097186701
AUC,0.96
