metric,value
Sensibilidad,0.8333333333333334
Exactitud,0.8333333333333334
Especificidad,0.9166666666666666
Recall,0.8333333333333334
Precisión,0.8498168498168498
Tasa de Falsos Negativos,0.16666666666666666
Tasa de Falsos Positivos,0.08333333333333333
F1-score,0.8294970161977835
AUC,0.9633333333333334
