metric,value
Sensibilidad,0.9333333333333332
Exactitud,0.9333333333333333
Especificidad,0.9666666666666667
Recall,0.9333333333333332
Precisión,0.9444444444444445
Tasa de Falsos Negativos,0.06666666666666667
Tasa de Falsos Positivos,0.03333333333333333
F1-score,0.9326599326599326
AUC,0.9899999999999999
