metric,value
Sensibilidad,0.8666666666666667
Exactitud,0.8666666666666667
Especificidad,0.9333333333333332
Recall,0.8666666666666667
Precisión,0.8666666666666667
Tasa de Falsos Negativos,0.13333333333333333
Tasa de Falsos Positivos,0.06666666666666667
F1-score,0.8666666666666667
AUC,0.9866666666666667
